Item,Designator,Qty per board,Qty for 50 boards,Manufacturer,Mfg Part #,Description / Value,Package/Footprint,Type,Substitutes,Supplier / part link,"Notes (2026-09-08, Digi-Key and LCSC read live)"
1,BTN,1,50,C&K (Littelfuse),PTS810SJM250SMTR LFS,"Tactile switch SPST-NO momentary, SMT J-lead, 4.2 x 3.2 x 2.5 mm, 1.6 N, 16 VDC 50 mA",PTS810,SMD,Yes,Digi-Key 4176610,"Changed from PTA-142 on 2026-09-08 (applied to the schematic). Digi-Key 106,352 in stock, $0.58, Active, 16-week lead; LCSC C116501 out of stock. Pre-approved substitutes: PTS810SJK250SMTR LFS (2.6 N, Digi-Key 154,940, LCSC C221896 2,675), PTS810SJG250SMTR LFS (4.0 N) or PTS810SJS250SMTR LFS (6.0 N), same body and pads. Footprint PTS810 to be drawn at the PCB stage."
2,"C3, C4, C5, C6, C7, C8, C9, C11, C12, C123",10,500,Murata,GRM155R71C104KA88D,100 nF +-10% 16 V X7R,0402,SMD,Yes,LCSC C71629,"Digi-Key 0 (3,952 expected 25-Nov-2026), $0.10; LCSC C71629 2,473,300 in stock, MOQ 100. Same part in 330 mm reel code GRM155R71C104KA88J: Digi-Key 8,596,101. Alternate Samsung CL05B104KO5NNNC."
3,C13,1,50,Murata,GRM188R60J106ME47D,10 uF +-20% 6.3 V X5R,0603,SMD,Yes,LCSC C77041,"Digi-Key 0 (4,000 expected 09-Oct-2026); LCSC C77041 210,550 in stock, MOQ 10. Same part in reel code GRM188R60J106ME47J: Digi-Key 995,235."
4,"C36, C37",2,100,Murata,GRM155R71H102KA01D,1 nF +-10% 50 V X7R,0402,SMD,Yes,Digi-Key,"Digi-Key 4,653,800 in stock, $0.11; LCSC C77018 600,000."
5,C38,1,50,Murata,GRM033R71E103KE14D,10 nF +-10% 25 V X7R,0201,SMD,Yes,LCSC C85930,"Digi-Key 0 (15,000 expected 22-Oct-2026); LCSC C85930 272,400 in stock, MOQ 100. Digi-Key in-stock alternate Kyocera KGM03AR71E103KH 64,386."
6,"C39, C139",2,100,Taiyo Yuden,MSASJ105BB5475MFNA01,4.7 uF +-20% 6.3 V X5R 0.65 mm max (Digi-Key alias JMK105BBJ475MV-F),0402,SMD,Yes,Digi-Key 587-2787-1-ND,"MSASJ105BB5475MFNA01: Digi-Key 7,620, $0.13, 10-week lead; LCSC C7235186 9,120. Old name JMK105BBJ475MV-F: Digi-Key 1,608,710; LCSC C87147 134,320. Put both names on the line. Substitute must keep >= 3.3 uF at 1.8 V (FTDI VCORE); Murata GRM155R60J475ME47D acceptable."
7,"C40, C41, C133, C134, C135, C136, C137, C138",8,400,Murata,GRM033R61A104KE15D,100 nF +-10% 10 V X5R,0201,SMD,Yes,LCSC C76934,"Digi-Key 0 (15,000 expected 18-Nov-2026); LCSC C76934 416,300 in stock, MOQ 100. Digi-Key in-stock alternate TDK C0603X5R1A104K030BC 29,862 (exact spec) or Murata GRM033R61A104ME15D (+-20 %)."
8,"C78, C147, C148, C149",4,200,Samsung,CL21A106KPFNNNG,10 uF +-10% 10 V X5R,0805,SMD,Yes,Digi-Key,"Digi-Key 107,449 in stock, $0.13; LCSC C307523 not available."
9,"C80, C85, C86, C93, C97, C98, C140, C141, C142, C143, C144, C145, C146",13,650,Murata,GRM21BR61A226ME44L,22 uF +-20% 10 V X5R 1.25 mm max,0805,SMD,Yes,LCSC C441864,"Digi-Key 0 (3,000 estimated 05-Jan-2027); LCSC C441864 7,910 in stock, MOQ 5 (covers 650 + spares). Alternates: Samsung CL21A226MPQNNNE (LCSC C29277 813,910), KEMET C0805C226M8PACTU (Digi-Key 64,152, $0.64), TDK C2012X5R1A226M125AE (Digi-Key 2,926)."
10,"C82, C84",2,100,Samsung,CL10A226MP8NUNE,22 uF +-20% 10 V X5R 1.05 mm max,0603,SMD,Yes,Digi-Key,"Digi-Key 459,237 in stock, $0.20; LCSC C86295 1,573,240."
11,"C87, C88, C94, C99, C100, C101, C102, C103, C104, C105, C106, C150, C151",13,650,Murata,GRM188R61C475KE11D,4.7 uF +-10% 16 V X5R,0603,SMD,Yes,Digi-Key,"Digi-Key 67,754 in stock, $0.24; LCSC C77045 17,260. 10 V X5R 0603 4.7 uF parts are NRND/obsolete industry-wide; keep the 16 V grade. Alternate TDK C1608X5R1C475K080AC (Digi-Key 125,661). C150/C151 (bq24232 IN and BAT bypass) added 2026-09-09."
12,"C89, C90, C91, C92, C95, C96, C107, C108, C109, C110, C111, C112, C113, C114, C115, C116, C117, C118, C119, C120, C121, C122",22,1100,Murata,GRM033R60J474KE90D,470 nF +-10% 6.3 V X5R,0201,SMD,Yes,Digi-Key,"Digi-Key 1,681,993 in stock, $0.10; LCSC C85926 512,450, MOQ 50. Covers 1,100 + spares at either source."
13,C124,1,50,Samsung,CL05A474KO5NNNC,470 nF +-10% 16 V X5R,0402,SMD,Yes,Digi-Key,"Digi-Key 18,193 in stock, $0.20; no LCSC listing found."
14,J1,1,50,Sullins,PPTC062LFBN-RC,"Header 2x6 2.54 mm female, vertical, through-hole (Pmod host)",2X06,thru-hole,No,Digi-Key S7074-ND,"Digi-Key 7,292 in stock, $0.78; LCSC C3321957 out of stock (local alternate Boomele 2.54-2*6P, LCSC C36191, 14,340). NOTE: PPTC062LFBN-RC is the VERTICAL 2x6 female header; a right-angle Pmod host would be PPPC062LJBN-RC."
15,JP3,1,50,,JTAG TCK/TMS/GND,1x3 2.54 mm header position,1X03-NOSILK,DNS,No,none,Bare plated holes for flying leads or pogo pins (package note: a plastic header would sit 0.09 mm from the Pmod shroud). Type DNS; delete the paste openings before Gerber export.
16,JP4,1,50,,JTAG TDI/TDO/3V3,1x3 2.54 mm header position,1X03-NOSILK,DNS,No,none,"Same as JP3: bare holes, DNS."
17,"L1, L2, L3",3,150,Murata,DFE252010P-1R5M=P2,1.5 uH +-20% power inductor 2520,IND2520,SMD,No,Digi-Key 490-10636-1-ND,"Digi-Key 16,424 in stock, $0.22, 21-week lead; no LCSC listing for the 1.0 mm-high part (1.2 mm-high sibling DFE252012P-1R5M=P2 LCSC C161084 5,075, check height). Isat 2.1 A and DCR are design-critical: no substitute without checking."
18,"L4, L5, L6, L7",4,200,Murata,BLM18KG601SN1D,"Ferrite bead 600 ohm at 100 MHz +-25%, 1.3 A, 0.15 ohm max, 0603 (power line)",IND0603,SMD,Yes,Digi-Key or LCSC C85833,"Changed from BLM18PG601SN1D on 2026-09-08 (applied to the schematic): that number is not in Murata's BLM18 lineup. Digi-Key 913,912 in stock, $0.10; LCSC C85833 791,450, MOQ 50. Loads are 60 mA max (FT2232H VPHY/VPLL, XADC supply and ground), so BLM18SP601SN1D (1.5 A) or BLM18AG601SN1D (500 mA, 0.38 ohm) are acceptable substitutes on the same land."
19,LD0,1,50,Everlight,EAST1616RGBA8,"RGB LED 1.6 x 1.6 x 0.35 mm, three independent diodes, diffused, anodes 1/3/5, cathodes 2/4/6 (19-337/R6GHBHW-A01/2T)",EVERLIGHT-19-337,SMD,Yes,Digi-Key 11560367,"Changed from Victory VS NRD8 on 2026-09-08 (applied to the schematic, pins renumbered to Everlight's 1/3/5 anodes and 2/4/6 cathodes). Digi-Key 15,840 in stock, $0.43, Active; LCSC listing not verified. Pre-approved substitute: EAST1616RGBA4 (water-clear twin, same pads and numbering). Cathode mark on the pad-2/4/6 side; polarity mark needed on silkscreen."
20,"LD1, LD2, LD4",3,150,Lite-On,LTST-C191KRKT,LED red 0603,LED0603,SMD,No,Digi-Key 160-1447-1-ND,"Digi-Key 1,554,056 in stock, $0.15; LCSC C125099 254,180. LD4 (charging indicator) added 2026-09-09."
21,"LD5, LD3",2,100,Lite-On,LTST-C191KGKT,LED green 0603,LED0603,SMD,No,Digi-Key 160-1446-1-ND,"Digi-Key 2,647,328 in stock, $0.15; LCSC C125098 339,240. LD3 (USB power-good indicator) added 2026-09-09."
22,Q1,1,50,ECS,ECS-3225SMV-120-FP-TR,Oscillator 12 MHz 10 ppm 3.2x2.5 mm,32X25,SMD,No,Digi-Key XC3168CT-ND,"Digi-Key 1,830 in stock, $2.90, 25-week factory lead behind it; LCSC C17218076 only 5. Single source for PCBWay = Digi-Key; buy ahead for the 50-board run. Pin 1 mark needed on silkscreen."
23,Q2,1,50,onsemi,2N7002LT1G,N-MOSFET 2N7002 SOT-23,SOT23-3,SMD,Yes,Digi-Key,"Digi-Key 998,121 in stock, $0.25; LCSC C16338 281,360, MOQ 20."
24,"R1, R2, R3, R6, R7, R99",6,300,Yageo,RC0201FR-074K7L,4.7 kohm +-1% 1/20 W thick film,0201,SMD,Yes,Digi-Key 311-4.70KMCT-ND,"Digi-Key 559,064 in stock, $0.11; no LCSC listing for the exact number (LCSC alternates Yageo AF0201FR-074K7L C2105831 9,600, UniRoyal 0201WMF4701TEE C270346 10,700)."
25,"R4, R8, R36, R37",4,200,Yageo,RC0402FR-07100RL,100 ohm +-1% 1/16 W thick film,0402,SMD,Yes,Digi-Key 311-100LRCT-ND,"Digi-Key 2,473,185 in stock; LCSC C106232 4,481,700."
26,R5,1,50,Yageo,RC0201FR-075K1L,5.1 kohm +-1% 1/20 W thick film,0201,SMD,Yes,Digi-Key YAG2741CT-ND,"Digi-Key 17,475 in stock, $0.11; LCSC C274341 out of stock."
27,"R9, R38",2,100,Yageo,RC0201FR-07100RL,100 ohm +-1% 1/20 W thick film,0201,SMD,Yes,Digi-Key 311-100MCT-ND,"Digi-Key 1,453,340 in stock; LCSC C77623 2,072,300."
28,"R10, R14",2,100,Yageo,RC0201FR-072K32L,2.32 kohm +-1% 1/20 W thick film,0201,SMD,Yes,Digi-Key YAG2573CT-ND,"Digi-Key 15,662 in stock, $0.10; no LCSC listing (E96 value). Digi-Key alternate Panasonic ERJ-1GNF2321C 41,541."
29,"R11, R15, R20, R22, R23",5,250,Yageo,RC0201FR-071KL,1 kohm +-1% 1/20 W thick film,0201,SMD,Yes,Digi-Key 311-1KMCT-ND,"Digi-Key 674,494 in stock; LCSC C138165 660,600."
30,"R12, R16",2,100,Yageo,RC0201FR-07140RL,140 ohm +-1% 1/20 W thick film,0201,SMD,Yes,Digi-Key YAG2406CT-ND,"Digi-Key 78,961 in stock, $0.10; no LCSC listing (E96 value)."
31,"R13, R17",2,100,Yageo,RC0201FR-07845RL,845 ohm +-1% 1/20 W thick film,0201,SMD,Yes,Digi-Key YAG2820CT-ND,"Digi-Key 4,906 in stock, $0.10; LCSC C474846 out of stock."
32,R18,1,50,Yageo,RC0402FR-0712KL,12 kohm +-1% 1/16 W thick film,0402,SMD,Yes,Digi-Key 311-12KLRCT-ND,"Digi-Key 1,019,188 in stock; LCSC C114760 1,086,000."
33,"R19, R89, R90, R91, R92, R93, R94, R96, R97, R98",10,500,Yageo,RC0201FR-0710KL,10 kohm +-1% 1/20 W thick film,0201,SMD,Yes,Digi-Key 311-10.0KMCT-ND,"Digi-Key 6,055,005 in stock; LCSC C106225 1,496,700."
34,R21,1,50,Yageo,RC0402FR-071KL,1 kohm +-1% 1/16 W thick film,0402,SMD,Yes,Digi-Key 311-1.00KLRCT-ND,"Digi-Key 6,163,347 in stock; LCSC C106235 3,787,600."
35,"R24, R25",2,100,Yageo,RC0201FR-0733RL,33 ohm +-1% 1/20 W thick film,0201,SMD,Yes,Digi-Key 311-33.0MCT-ND,"Digi-Key 2,735,882 in stock; LCSC C295794 26,600."
36,"R26, R27, R28, R29, R30, R31, R32, R33",8,400,Yageo,RC0201FR-07200RL,200 ohm +-1% 1/20 W thick film,0201,SMD,Yes,Digi-Key YAG2495CT-ND,"Digi-Key 502,155 in stock; LCSC C274337 8,900."
37,R34,1,50,CTS,742C083472JP,4 x 4.7 kohm +-5% resistor array 0.8 mm pitch,742C083,SMD,Yes,Digi-Key,"Digi-Key 98,887 in stock, $0.18, 30-week lead; LCSC C2961927 out of stock. Direct substitutes per Digi-Key: Bourns CAT16-472J4LF, Panasonic EXB-V8V472JV."
38,R35,1,50,Yageo,RC0402FR-074K7L,4.7 kohm +-1% 1/16 W thick film,0402,SMD,Yes,Digi-Key 311-4.70KLRCT-ND,"Digi-Key 587,442 in stock; LCSC C105871 6,013,800."
39,R77,1,50,Yageo,RC0402FR-07100KL,100 kohm +-1% 1/16 W thick film,0402,SMD,Yes,Digi-Key 311-100KLRCT-ND,"Digi-Key 8,134,572 in stock; LCSC C60491 5,176,900."
40,R78,1,50,Yageo,RC0402FR-07680RL,680 ohm +-1% 1/16 W thick film,0402,SMD,Yes,LCSC C137948,"Digi-Key 0 (10,000 expected 28-Sep-2026, backorder accepted); LCSC C137948 627,100 in stock, MOQ 100 (read 2026-09-08). Digi-Key in-stock alternates: Yageo AC0402FR-07680RL 79,997, Vishay CRCW0402680RFKTD 16,515."
41,"R80, R82",2,100,Yageo,RC0402FR-0733RL,33 ohm +-1% 1/16 W thick film,0402,SMD,Yes,Digi-Key 311-33LRCT-ND,"Digi-Key 1,346,927 in stock; LCSC C138002 5,301,800."
42,"R81, R83, R84, R100",4,200,Yageo,RC0402FR-07330RL,330 ohm +-1% 1/16 W thick film,0402,SMD,Yes,Digi-Key 311-330LRCT-ND,"Digi-Key 2,442,754 in stock; LCSC C105875 2,354,300."
43,"R85, R86, R106",3,150,Yageo,RC0402FR-0710KL,10 kohm +-1% 1/16 W thick film,0402,SMD,Yes,Digi-Key 311-10KLRCT-ND,"Digi-Key 12,938,024 in stock; LCSC C60490 5,554,400."
44,R101,1,50,Yageo,RC0201FR-072K21L,2.21 kohm +-1% 1/20 W thick film,0201,SMD,Yes,Digi-Key YAG2570CT-ND,"Digi-Key 117,010 in stock, $0.10; no LCSC listing (E96 value)."
45,U1,1,50,AMD/Xilinx,XC7A35T-1CPG236C,FPGA Artix-7 CPG236,XC7A35T-CPG236,SMD,No,"Digi-Key / Mouser / Avnet only (authorized channel), or consigned","Digi-Key 72 in stock, $57.06, tray, 52-week factory lead; every other CPG236 grade at Digi-Key is 0 with 240 due in 2027; LCSC C1521738 out of stock (LCSC C1552335 XC7A35T-2CPG236I 56 at $98 is the only other CPG236 shelf stock). LCSC lists it as EAR99. Enough for 10 boards + spares; for 50 boards + 2 spares reserve the 72 now. INSTRUCTION FOR PCBWAY: Digi-Key / Mouser / Avnet only, no local sourcing; or consigned. Sensitive part: Yes (MSL bake)."
46,U2,1,50,FTDI,FT2232HL-REEL,"USB 2.0 hi-speed dual UART/MPSSE bridge, LQFP-64 10x10 mm, 0.5 mm pitch (same die and pin numbers as the FT2232HQ)",FT2232HL-LQFP64,SMD,No,LCSC C27882 (name it explicitly) or Digi-Key 768-1024-1-ND back-order; or consigned,"Changed from FT2232HQ-REEL on 2026-09-09 (applied to the schematic). Digi-Key 0, 1,000 expected 19-Feb-2027, $5.30, 50-week lead; LCSC C27882 4,767 in stock at $11.45 (LCSC is not an FTDI-authorized channel: FTDI clones exist, so either accept LCSC by name, back-order at Digi-Key, or consign). Same-pin alternates: FT2232HQ-REEL (QFN, 0 until Apr 2027) and FT4232HL-REEL (LCSC 1,663; UART becomes channel C, EEPROM re-templated). Sensitive part: Yes."
47,U3,1,50,Alliance Memory,AS4C32M16SB-7TCN,SDRAM 512 Mb 32M x16 143 MHz (CL3) 0..70 C TSOP-II 54 400 mil,TSOPII-54,SMD,Yes,Digi-Key (tray 6589201 or cut tape 6589204),"Changed from AS4C32M16SB-6TIN on 2026-09-08 (applied to the schematic). Digi-Key -7TCN tray 1,478 at $23.85, -7TCNTR cut tape 455 at $23.05, 16-week factory lead; no LCSC listing found for the -7TCN. Pre-approved alternates without asking: AS4C32M16SB-7TIN (industrial, Digi-Key 47 tray / 160 cut tape, LCSC C570207 15) and AS4C32M16SB-6TIN (166 MHz, 0 until Oct 2026). Same die, package and pinout for all three. Sensitive part: Yes."
48,U4,1,50,Winbond,W25Q128JVSIQ,SPI flash 128 Mb SOIC-8 208 mil,SOIC-8_208MIL,SMD,No,Digi-Key,"Digi-Key 57,898 in stock, $4.21 (page notes backorders not accepted); LCSC C97521 38,769. Sensitive part: Yes."
49,U5,1,50,Semtech,SC189ZSKTRT,Buck 1.5 A fixed output SOT23-5,SOT23-5,SMD,No,Digi-Key,"Digi-Key 5,767 in stock, $1.07, 8-week lead; LCSC C2650317 108. Footprint SOT23-5 still to be drawn on the board."
50,U6,1,50,Semtech,SC189LSKTRT,Buck 1.5 A fixed output SOT23-5,SOT23-5,SMD,No,Digi-Key,"Digi-Key 5,596 in stock, $0.97; LCSC C842844 32 (prototype only). Footprint SOT23-5 still to be drawn."
51,U7,1,50,Semtech,SC189ASKTRT,Buck 1.5 A fixed output SOT23-5,SOT23-5,SMD,No,Digi-Key,"Digi-Key 4,589 in stock, $0.90; no LCSC listing. Footprint SOT23-5 still to be drawn."
52,U10,1,50,Microchip,93LC46BT-I/SN,EEPROM 1 Kb Microwire SOIC-8,SOIC8,SMD,No,Digi-Key,"Digi-Key 5,497 in stock, $0.32; LCSC C16253 7,820. The part is the 150 mil narrow SOIC and the board pattern is the 208 mil wide one: no 93C46 exists in the wide package (93LC46BT-I/SM: no results anywhere), so the footprint must change to 150 mil. FTDI-approved alternate AT93C46EN-SH-T (Digi-Key 60,069)."
53,X1,1,50,Molex,105017-0001,Micro-USB-B receptacle,MOLEX-105017-0001,SMD,No,Digi-Key WM1399CT-ND,"Digi-Key 53,846 in stock, $1.00; LCSC C136000 6,213. Listed as 1050170001 at both."
54,X2,1,50,Sullins,PRPC014SAAN-RC,"Header 1x14 male 0.1 in breakaway, 0.64 mm sq pins, TH, underside mount: X2 bottom row pins 27-40",ZULU-DIP37 (part),thru-hole,Yes,Digi-Key,"Added 2026-09-08 as a 1x24; bottom row re-cut 2026-09-09 around the four-position LiPo landing, field renumbered 1-40. Digi-Key 663 in stock, $0.28, Active. Pre-approved substitute: any 2.54 mm 1x40 breakaway strip (LCSC Boomele C2337) cut to length. Four strips per board, mounted from the underside, soldered after the SMT pass."
55,X2,1,50,Sullins,PRPC006SAAN-RC,"Header 1x6 male 0.1 in breakaway, 0.64 mm sq pins, TH, underside mount: X2 bottom row pins 21-26",ZULU-DIP37 (part),thru-hole,Yes,Digi-Key,"Bottom row closed up and the field renumbered 1-40 on 2026-09-09, so this end is one 1x6. Digi-Key 4,529 in stock, $0.13, Active. Pre-approved substitute: any 2.54 mm 1x40 breakaway strip (LCSC Boomele C2337) cut to length. Four strips per board, mounted from the underside, soldered after the SMT pass."
56,X2,1,50,Sullins,PRPC009SAAN-RC,"Header 1x9 male 0.1 in breakaway, TH, underside mount: X2 top row pins 1-9",ZULU-DIP37 (part),thru-hole,Yes,Digi-Key,"Added 2026-09-08 (applied to the schematic as one X2 line carrying the four numbers since 2026-09-09). Digi-Key 1,201 in stock, $0.18, Active; no LCSC listing checked. Pre-approved substitute: any 2.54 mm 1x40 breakaway strip (LCSC Boomele C2337) cut to length. Four strips per board, mounted from the underside, soldered after the SMT pass."
57,X2,1,50,Sullins,PRPC011SAAN-RC,"Header 1x11 male 0.1 in breakaway, TH, underside mount: X2 top row pins 10-20",ZULU-DIP37 (part),thru-hole,Yes,Digi-Key,"Added 2026-09-08 (applied to the schematic as one X2 line carrying the four numbers since 2026-09-09). Digi-Key 428 in stock, $0.22, Active; no LCSC listing checked. Pre-approved substitute: any 2.54 mm 1x40 breakaway strip (LCSC Boomele C2337) cut to length. Four strips per board, mounted from the underside, soldered after the SMT pass."
58,X3,1,50,Hirose,DM3D-SF,microSD push-pull socket,DM3D-SF,SMD,No,Digi-Key HR1941CT-ND,"Digi-Key 21,623 in stock, $2.32, 16-week lead; LCSC C719027 6,004. Footprint DM3D-SF still to be drawn (the board carries the DM3AT push-push pattern). Not HR1964CT-ND, which is the DM3AT-SF-PEJM5."
59,U8,1,50,Texas Instruments,BQ24232RGTR,"Single-cell Li-ion charger + power path, USB input, 16-VQFN 3x3 (RGT)",VQFN16-3X3-RGT,SMD,No,Digi-Key 296-41207-1-ND or LCSC C528622,"Added 2026-09-09 in place of D1. Digi-Key 541 in stock, $1.93 (cut tape), Active, 9-week lead; 250-piece reel BQ24232RGTT 1,764 at $1.53; LCSC C528622 766 in stock at $1.18. Sensitive part: Yes (MSL). Footprint to be drawn at the PCB stage."
60,X4,1,50,JST,B2B-PH-SM4-TB(LF)(SN),"Header PH 2.0 mm 2-pin top-entry SMT with fixing tabs, 2 A (LiPo battery input, pin 1 = +)",JST-B2B-PH-SM4-TB,SMD,Yes,Digi-Key 455-B2B-PH-SM4-TBCT-ND or LCSC C160352,"Added 2026-09-09. Digi-Key 57,541 in stock, $0.47, Active, 16-week lead; LCSC C160352 49,145 at $0.22 (MOQ 5). Pre-approved substitutes: B2B-PH-SM4-TBT(LF)(SN) (LCSC C265003, 4,654; same pads plus auxiliary solder pins) and S2B-PH-SM4-TB(LF)(SN) (side entry, same pads). Footprint to be drawn at the PCB stage."
61,R102,1,50,Yageo,RC0402FR-073K57L,"3.57 kohm +-1% 1/16 W thick film (bq24232 ISET, 244 mA)",0402,SMD,Yes,Digi-Key,Added 2026-09-09; stock not checked. Any 3.57k +-1% 0402.
62,R103,1,50,Yageo,RC0402FR-073K09L,"3.09 kohm +-1% 1/16 W thick film (bq24232 ILIM, 495 mA)",0402,SMD,Yes,Digi-Key,Added 2026-09-09; stock not checked. Any 3.09k +-1% 0402.
63,R104,1,50,Yageo,RC0402FR-0756K2L,"56.2 kohm +-1% 1/16 W thick film (bq24232 TMR, 7.5 h)",0402,SMD,Yes,Digi-Key,Added 2026-09-09; stock not checked. Any 56.2k +-1% 0402.
64,R105,1,50,Yageo,RC0402FR-074K32L,"4.32 kohm +-1% 1/16 W thick film (bq24232 ITERM, 36 mA)",0402,SMD,Yes,Digi-Key,Added 2026-09-09; stock not checked. Any 4.32k +-1% 0402.
65,"R107, R108",2,100,Yageo,RC0402FR-071K5L,1.5 kohm +-1% 1/16 W thick film (LD3/LD4 series),0402,SMD,Yes,Digi-Key,Added 2026-09-09; stock not checked. Any 1.5k 0402.
