Item,Qty,Refdes,Value,Package,Manufacturer,MANF#,Spec,Fitted,Note
1,1,J1,Pmod 2x6,2X06,Sullins,PPTC062LFBN-RC,"2x6 female header, 2.54 mm pitch, through-hole, 12 way -- Pmod host socket",yes,"A SOCKET, NOT PINS, AND THE LIBRARY NAME DISAGREES WITH THAT. The package is called PIN HEADER 2x6 and the deviceset PINHD-2X6, which is inherited naming, but on a Digilent Pmod the HOST carries the female socket and the peripheral module carries the male pins that plug into it. Cmod A7 is the same. Order male pins off that library name and no Pmod will mate. The footprint is 12 plated holes on 2.54 either way, so a male header such as Sullins PRPC006DAAN-RC drops into the same land if you would rather have pins and a cable. Height 8.5 mm is not a problem: J1 is on the FRONT, and it is the back that faces a breadboard a couple of millimetres away."
2,1,Q1,12MHz 10ppm (FPGA + FT2232HL),32X25,ECS,ECS-3225SMV-120-FP-TR,"12.000 MHz HCMOS XO, 1.62-3.63 V, +-10 ppm incl. initial, temp -40..105 C, supply, load, reflow and aging (ECS-3225SMV sheet p1), 3.2x2.5x1.2 mm, pin 1 tri-state (H/NC = run), 6 mA typ / 10 mA max; replaced the +-50 ppm ASEM1-12.000MHZ-LC-T on 2026-09-08",yes,"ACTIVE OSCILLATOR, NOT A CRYSTAL -- the schematic settles it: pin 2 to GND, pin 4 to VCC3V3, pin 3 out into R24 and R25, and pin 1 tied to VCC3V3, which is a 4-pad XO with its enable held high. A crystal would have two pads and load capacitors. THE FREQUENCY IS NOT A CHOICE: the FT2232H wants 12 MHz for its USB PLL, so that was fixed before anything else. 25 ppm is the value already recorded and is comfortably inside what FTDI asks of the reference. Output drives two loads through 33R each, the FT2232's OSCI and the FPGA clock ball. Pin 1 to Vdd suits either an OE part or one with pin 1 not connected, so the choice is not narrowed by it. ASEM1 is the family the design note already named. Confirm the suffix -- it encodes stability and temperature range and is the easy thing to get wrong."
3,1,R34,4.7K,742C083,CTS,742C083472JP,"4x4.7K isolated array 0603x4, 0.8 mm pitch; direct successor of the obsolete JTR",yes,"The microSD DAT0-3 pull-ups, all four elements used -- which is what an array is actually for, unlike R1, R2 and R4, which used 2, 3 and 6 of theirs and were split into discretes. This one stays an array. 4.7k is the conventional value for SD data lines and it was already chosen; only the part number was missing. 5 percent is ample for a pull-up, so this is a J part where the discrete resistors on this board are F. CTS 742C is the family the footprint is named after. Confirm the suffix -- it encodes tolerance and packaging and is the easy thing to get wrong."
4,22,C89 C90 C91 C92 C95 C96 C107 C108 C109 C110 C111 C112 C113 C114 C115 C116 C117 C118 C119 C120 C121 C122,0.47uF,C0201,Murata,GRM033R60J474KE90D,"X5R 6.3V +-10% 0201 0.47uF; KE15D was a typo, KE90D is the live number",yes,"0402 -> 0201 to cut ESL, following Cmod A7. THE VOLTAGE RATING DROPS 16V to 6.3V and that costs real capacitance: on VCC3V3 a 6.3V 0201 sits at 52 percent of rating and DC bias typically removes 60-75 percent of it, against 15-25 percent for the 16V 0402 it replaces. The BOM value is unchanged, so validate.py's UG483 count still passes -- it counts nominal values and cannot see bias derating. Effective decoupling on 3V3 is roughly half what it was. Confirm the MPN suffix and the bias curve against Murata's data before ordering."
5,11,C40 C41 C133 C134 C135 C136 C137 C138 C152 C153 C154,0.1uF / 100nF,C0201,Murata,GRM033R61A104KE15D,"X5R 10V +-10%, 0.30 mm max",yes,"C40: 0402 -> 0201 on U2's support. The DIELECTRIC AND VOLTAGE BOTH CHANGE: X7R 16V becomes X5R 10V, because 0201 at this capacitance is an X5R part. X5R narrows the temperature range to -55..+85 C from X7R's +125, which suits this board but is not a like-for-like swap. At 0.1 uF the DC bias derating is mild, unlike the 0.47 uF on sheet 7. Confirm the MPN suffix against Murata's data before ordering. || C152: FT2232H core-rail decoupling. DS_FT2232H Figures 4.1 and 6.1 show a 100 nF at each VCORE pin besides the 4.7 uF bulk (C39, C139); the board had the bulk and none of these. Same part as the eight 0.1 uF and 100 nF 0201 capacitors already on this sheet, so no new BOM line. AT LAYOUT: put one beside each of pins 12, 37 and 64 with the shortest ground return you can manage -- that placement is the whole point of them."
6,1,C38,0.01uF,C0201,Murata,GRM033R71E103KE14D,"X7R 25V +-10%, 0.30 mm max",yes,"0402 -> 0201 on U2's support. 50V drops to 25V, which is still far over what a 3.3V rail needs -- the 50V part was over-specified. Confirm the MPN suffix before ordering."
7,1,C124,470nF,C0402,Samsung,CL05A474KO5NNNC,"X5R 16V +-10% 0402 0.47uF, 0.55 mm max; replaced GRM155R61C474KA88D (a number no distributor knows) on 2026-09-07",yes,
8,10,C3 C4 C5 C6 C7 C8 C9 C11 C12 C123,0.1uF / 100nF,C0402,Murata,GRM155R71C104KA88D,"X7R 16V +-10%, 0.50 mm max",yes,
9,2,C36 C37,1nF,C0402,Murata,GRM155R71H102KA01D,"X7R 50V +-10%, 0.50 mm max",yes,
10,1,C139,4.7uF,C0402,Taiyo Yuden,MSASJ105BB5475MFNA01,"X5R 6.3V +-20% 0402 4.7uF, 0.65 mm max, about 3.7 uF left at 1.8 V; Digi-Key alias JMK105BBJ475MV-F (587-2787-1-ND, 1.6 M pcs); replaced the unobtainable 3.3 uF GRM155R60J335ME15D on the FT2232H VCORE node (FTDI minimum 3.3 uF) on 2026-09-08",yes,
11,2,C82 C84,22uF,C0603,Samsung,CL10A226MP8NUNE,"X5R 10V +-20% 0603 22uF, 1.05 mm max (T 0.80 +-0.25); replaced the 6.3 V Murata GRM188R60J226MEA0D (1.00 mm max, dry until 2027) on 2026-09-07",yes,
12,1,C13,10uF,C0603,Murata,GRM188R60J106ME47D,"X5R 6.3V +-20%, 0.90 mm max",yes,
13,13,C87 C88 C94 C99 C100 C101 C102 C103 C104 C105 C106 C150 C151,4.7uF,C0603,Murata,GRM188R61C475KE11D,"X5R 16V +-10% 0603 4.7uF, 0.95 mm max; 10 V grades (KE15D obsolete, KAAJD NRND) replaced by the 16 V one on 2026-09-08",yes,
14,4,C78 C147 C148 C149,10uF / 10uF 10V,C0805,Samsung,CL21A106KPFNNNG,X5R 10V +-10% 0805 10uF; replaces the obsolete Murata GRM21BR61A106KE19L,yes,
15,13,C80 C85 C86 C93 C97 C98 C140 C141 C142 C143 C144 C145 C146,22uF,C0805,Murata,GRM21BR61A226ME44L,"X5R 10V +-20%, 1.45 mm max -- SC189 COUT on VCC3V3, sense pin 4 lands here",yes,"Second half of a bulk position: each 47uF 1206 became two 22uF 0805. Nominal drops 47 -> 44 uF per position, but the 0805 is 10V where the 1206 was 6.3V, so it derates less under bias and the pair should deliver at least what the single part did. Height also drops 1.60 -> 1.45 mm max, which the back-side budget against the 2.54 mm header standoff cares about."
16,1,X3,DM3D-SF,DM3D-SF,Hirose,DM3D-SF,"microSD push-pull (no eject), top mount, 0.5 A; 8 contacts + 4 shell pads G1-G4 + card-detect switch A/B (open without card); DM3 catalog p9",yes,
17,1,LD0,EAST1616RGBA8,EVERLIGHT-19-337,Everlight,EAST1616RGBA8,"RGB LED, three independent diodes, 1.6 x 1.6 x 0.35 mm, diffused lens, 624 / 525 / 468 nm, VF typ 2.05 / 3.2 / 3.2 V (max 2.4 / 3.7 / 3.7), IF 25 mA max per colour; anodes 1 B, 3 R, 5 G, cathodes 2 B, 4 R, 6 G (19-337 sheet p8); replaced the distributor-less Victory VS NRD8 on 2026-09-08",yes,"Everlight EAST1616RGBA8 = 19-337/R6GHBHW-A01/2T (DSE-0009126 Rev.3, 22-Dec-2016); water-clear twin EAST1616RGBA4 = 19-337/R6GHBHC-A01/2T. Same body, lens and recommended pads as the Victory VS NRD8 it replaces (0.55 x 0.4 outer pads at +-0.725 mm, 0.7 x 0.5 middle, 1.9 / 2.2 mm spans) and the same arrangement: cathodes in the left column under the cathode mark, blue / red / green top to bottom, anodes on the right. Only the numbering differs (Everlight anodes 1/3/5 on the right, cathodes 2/4/6 on the left), so on 2026-09-08 the pins were renumbered 1/2/3 -> 2/4/6 and 4/5/6 -> 1/3/5 with the nets unchanged: LED0_B/R/G on the cathodes to the FPGA, N$LD0B/R/G on the anodes through R80/R81/R82. Footprint EVERLIGHT-19-337 = the VS-NRD8 pattern with Everlight pad numbers. Digi-Key 15,840 in stock at $0.43 on 2026-09-08."
18,1,U2,FT2232HL USB-UART/JTAG Bridge,FT2232HL-LQFP64,FTDI,FT2232HL-REEL,"USB 2.0 Hi-Speed dual-channel UART/FIFO/MPSSE bridge, LQFP-64 10 x 10 mm body, 12 x 12 mm over leads, 0.5 mm pitch, JEDEC MS-026 BCD, no exposed pad; same die and pin numbering as the FT2232HQ (DS_FT2232H v2.10 section 3.1); channel A MPSSE JTAG + PROG#/DONE, channel B UART; 12 MHz CMOS oscillator into OSCI, internal 1.8 V regulator, 93LC46B EEPROM, REF 12 k; replaced the FT2232HQ (0 stock until April 2027) on 2026-09-09",yes,"FT2232HL-REEL: Digi-Key 0 with 1,000 expected 19-Feb-2027 ($5.30, 50-week lead); LCSC C27882 4,767 in stock at $11.45 (not an FTDI-authorized channel: name it explicitly or consign for a PCBWay build). Pin numbers unchanged from the FT2232HQ; the QFN exposed pad (pin EP, GND) has no LQFP counterpart, so that pin and its ground stub were removed. thetaJA 37.66 C/W for the LQFP vs 29.67 for the QFN (DS_FT2232H Table 5.7). Footprint FT2232HL-LQFP64 to be drawn from Figure 8.2 or FTDI TN_166. Alternates on the same pin numbers: FT2232HQ (QFN-64) and FT4232HL / FT4232HQ (UART lands on channel C, EEPROM re-templated, PID 0x6011); the FT2232H-56Q keeps every signal but renumbers every pin."
19,4,L4 L5 L6 L7,FB 600R,IND0603,Murata,BLM18KG601SN1D,"ferrite bead 600 ohm at 100 MHz +-25%, 1.3 A at 85 C, 0.15 ohm max, 0603, 0.90 mm max; replaced BLM18PG601SN1D (a number Murata never made; the spec 600 ohm/1.5 A is BLM18SP601SN1D) on 2026-09-08; L4/L5 feed the FT2232H VPHY/VPLL (60 mA max), L6 GNDADC, L7 VCCADC (25 mA)",yes,
20,3,L1 L2 L3,1.5uH,IND2520,Murata,DFE252010P-1R5M=P2,"1.5uH +-20%, Isat >=1.8A, 1.00 mm max -- SC189 LX inductor, 2.5 MHz, <=0.31 A p-p ripple",yes,
21,1,X4,"JST PH 2-pin, 1S LiPo",JST-B2B-PH-SM4-TB,JST,B2B-PH-SM4-TB(LF)(SN),"JST PH 2.0 mm, 2 circuits, top-entry SMT header with fixing tabs, 2 A, 100 V, -25..85 C, mates with PHR-2 housing; pin 1 = battery +, pin 2 = GND",yes,"B2B-PH-SM4-TB(LF)(SN): 8 mm tall, wire leaves upward; the side-entry twin is S2B-PH-SM4-TB(LF)(SN) (5.5 mm). There is no polarity standard for JST-PH LiPo packs: check pin 1 = + against the pack before plugging in. Footprint JST-B2B-PH-SM4-TB to draw from the catalog page (two contact pads on 2.0 mm plus two 1.6 x 3.0 mm fixing pads). Digi-Key 57,541 in stock at $0.47 on 2026-09-09."
22,2,LD3 LD5,green,LED0603,Lite-On,LTST-C191KGKT,"green indicator, 0603, Vf 2.1V max at 2mA",yes,"LD3: Charger power-good: bq24232 PGOOD sinks LD3 through R107 1.5k from VU when a valid USB input is present || LD5: Power-good indicator: VCC3V3 to LD5 to R78 680R to Q2 drain to GND. SELECTED FROM THE CIRCUIT, not recovered -- the part carried no value and no number. THE RESISTOR ALREADY CHOSE THE COLOUR: 680R off 3.3 V passes (3.3 - Vf)/680, which is 1.9 mA for a green LED or 2.1 for a red, but only 0.6 mA for a blue or white one, too dim to read. So it is a green or red part, and green is the convention for power good. 1.9 mA is low but plain on a modern high-efficiency 0603; take R78 to 330R if you want it brighter."
23,3,LD1 LD2 LD4,red,LED0603,Lite-On,LTST-C191KRKT,"red indicator, 0603, Vf 2.1V max at 4mA",yes,"LD1: User status LED, driven straight off an FPGA pin through R83 at 330R: (3.3 - Vf)/330 is 3.9 mA green, 4.2 red, 3.6 yellow, and 1.2 mA blue or white. Any of the first three is comfortable and well inside an LVCMOS33 pin's 12 mA. RED IS A PREFERENCE, NOT A CONSTRAINT -- the circuit takes green just as happily. It is red so that the two user LEDs read differently from LD5, which is green and means power good; on a board being brought up that is worth being able to tell apart at a glance. Same LTST-C191 family and the same 0603 land as LD5, so it is one line in the catalogue, not two. Confirm the suffix before ordering. || LD2: User status LED, driven straight off an FPGA pin through R84 at 330R: (3.3 - Vf)/330 is 3.9 mA green, 4.2 red, 3.6 yellow, and 1.2 mA blue or white. Any of the first three is comfortable and well inside an LVCMOS33 pin's 12 mA. RED IS A PREFERENCE, NOT A CONSTRAINT -- the circuit takes green just as happily. It is red so that the two user LEDs read differently from LD5, which is green and means power good; on a board being brought up that is worth being able to tell apart at a glance. Same LTST-C191 family and the same 0603 land as LD5, so it is one line in the catalogue, not two. Confirm the suffix before ordering. || LD4: Charging: bq24232 CHG sinks LD4 through R108 1.5k from VU while the battery charges, off when done or disabled"
24,1,X1,Molex 105017-0001 Micro-USB-B,MOLEX-105017-0001,Molex,105017-0001,,yes,
25,1,BTN,PTS810,PTS810,Littelfuse (C&K),PTS810SJM250SMTR LFS,"tactile switch SPST-NO momentary, SMT J-lead, 4.2 x 3.2 x 2.5 mm, 1.6 N (160 gf), 0.15 mm travel, 150000 cycles, 16 VDC 50 mA, -40..85 C; terminals 1-2 and 3-4 internally common (PTS810 sheet p1); replaced the unsourceable PTA-142 on 2026-09-08",yes,"PTS810SJM250SMTR LFS, Littelfuse (C&K) PTS810 series, Datasheet/Littelfuse-CK-Tactile-PTS810-Series-Datasheet.pdf rev 02/02/26. Recommended PCB layout (p1): four pads (5.2 - 3.1)/2 = 1.05 mm wide by (2.8 - 1.5)/2 = 0.65 mm high, centred at +-2.075 mm and +-1.075 mm; body 4.2 x 3.2 mm, J-leads to 4.6 mm, height 2.5 mm. The datasheet schematic joins 1 with 2 and 3 with 4, so pins 1,2 (VCC3V3) and 3,4 (BTN) are unchanged. Footprint PTS810 to be drawn at the PCB stage; the PTA-142 pattern (1.6 mm pads at +-3.75 / +-1.4 mm) does not fit. Other force grades on the same pads: K 2.6 N, G 4.0 N, S 6.0 N. Digi-Key 106,352 in stock at $0.58, 16-week lead (2026-09-08); LCSC C116501 dry, the K grade C221896 stocked."
26,2,R9 R38,100,R0201,Yageo,RC0201FR-07100RL,"thick film +-1%, 1/20W, 0201",yes,
27,10,R19 R89 R90 R91 R92 R93 R94 R96 R97 R98,10K / 10k,R0201,Yageo,RC0201FR-0710KL,"thick film +-1%, 1/20W, 0201",yes,
28,2,R12 R16,140,R0201,Yageo,RC0201FR-07140RL,"thick film +-1%, 1/20W, 0201",yes,
29,5,R11 R15 R20 R22 R23,1K,R0201,Yageo,RC0201FR-071KL,"thick film +-1%, 1/20W, 0201",yes,
30,8,R26 R27 R28 R29 R30 R31 R32 R33,200,R0201,Yageo,RC0201FR-07200RL,"thick film +-1%, 1/20W, 0201",yes,
31,1,R101,2.21k,R0201,Yageo,RC0201FR-072K21L,"thick film +-1%, 1/20W, 0201",yes,
32,2,R10 R14,2.32K,R0201,Yageo,RC0201FR-072K32L,"thick film +-1%, 1/20W, 0201",yes,
33,2,R24 R25,33,R0201,Yageo,RC0201FR-0733RL,"thick film +-1%, 1/20W, 0201",yes,
34,6,R1 R2 R3 R6 R7 R99,4.7K / 4.7k,R0201,Yageo,RC0201FR-074K7L,"thick film +-1%, 1/20W, 0201",yes,
35,1,R5,5.1K,R0201,Yageo,RC0201FR-075K1L,"thick film +-1%, 1/20W, 0201",yes,
36,2,R13 R17,845,R0201,Yageo,RC0201FR-07845RL,"thick film +-1%, 1/20W, 0201",yes,
37,1,R77,100K,R0402,Yageo,RC0402FR-07100KL,"thick film +-1%, 1/16W, 0402",yes,
38,4,R4 R8 R36 R37,100,R0402,Yageo,RC0402FR-07100RL,"thick film +-1%, 1/16W, 0402",yes,
39,3,R85 R86 R106,10K,R0402,Yageo,RC0402FR-0710KL,"thick film +-1%, 1/16W, 0402",yes,
40,1,R18,12K 1%,R0402,Yageo,RC0402FR-0712KL,"thick film +-1%, 1/16W, 0402",yes,"Stays 0402 deliberately. Power is trivial (0.9 mW) and 1 percent is 1 percent at any size, but this is the FT2232's RREF -- it sets the USB transceiver bias current. There is no space pressure on this board any more, so there is nothing to gain against a part whose drift shows up as USB signal quality."
41,2,R107 R108,1.5K,R0402,Yageo,RC0402FR-071K5L,"thick film +-1%, 1/16W, 0402 -- PGOOD LED current: (4.4 - 2.1) / 1.5k = 1.5 mA",yes,
42,1,R21,1K,R0402,Yageo,RC0402FR-071KL,"thick film +-1%, 1/16W, 0402",yes,
43,4,R81 R83 R84 R100,330,R0402,Yageo,RC0402FR-07330RL,"thick film +-1%, 1/16W, 0402",yes,"R81: RGB LED balance. The green and blue dice are 3.3 V-class parts on a 3.3 V rail, so the resistor never dominates their current -- that is structural and no resistor value fixes it. What the values CAN do is stop red swamping the other two. As built, and as Cmod A7 ships the same LED, 182/182/100 gave red 6.9 mA against green 1.9 and blue 1.5: red about four times either. At 330/33/33 it is red 3.8, green 2.9, blue 2.9. Worst case improves too, not just nominal -- green with a part 0.15 V high in Vf goes from 1.4 mA to 1.8. Lower resistors do make the current MORE sensitive in percentage terms, 77 percent of nominal retained at 100R against 61 at 33R, but the absolute floor is what you see and it rises. Currents read off the datasheet's own Vf/If curve at the working point, not off the 20 mA table. || R100: Stays 0402 deliberately. At 330R holding DONE low through configuration it dissipates 3.3V^2/330 = 33 mW, which is 53 percent of an 0402's 1/16 W but 66 percent of an 0201's 1/20 W -- and it is sustained for the whole of config, indefinitely if config fails. 330R on DONE is standard Xilinx practice so the value should not change; the package is where the margin is."
44,2,R80 R82,33,R0402,Yageo,RC0402FR-0733RL,"thick film +-1%, 1/16W, 0402",yes,"RGB LED balance. The green and blue dice are 3.3 V-class parts on a 3.3 V rail, so the resistor never dominates their current -- that is structural and no resistor value fixes it. What the values CAN do is stop red swamping the other two. As built, and as Cmod A7 ships the same LED, 182/182/100 gave red 6.9 mA against green 1.9 and blue 1.5: red about four times either. At 330/33/33 it is red 3.8, green 2.9, blue 2.9. Worst case improves too, not just nominal -- green with a part 0.15 V high in Vf goes from 1.4 mA to 1.8. Lower resistors do make the current MORE sensitive in percentage terms, 77 percent of nominal retained at 100R against 61 at 33R, but the absolute floor is what you see and it rises. Currents read off the datasheet's own Vf/If curve at the working point, not off the 20 mA table."
45,1,R103,3.09K,R0402,Yageo,RC0402FR-073K09L,"thick film +-1%, 1/16W, 0402 -- ILIM: 1530 / 3.09k = 495 mA input current limit (EN2 = VU, EN1 = GND select the resistor)",yes,
46,1,R102,3.57K,R0402,Yageo,RC0402FR-073K57L,"thick film +-1%, 1/16W, 0402 -- ISET: 870 / 3.57k = 244 mA fast-charge current",yes,
47,1,R105,4.32K,R0402,Yageo,RC0402FR-074K32L,"thick film +-1%, 1/16W, 0402 -- ITERM: 0.03 A x 4.32k / 3.57k = 36 mA termination (15 % of the charge current)",yes,
48,1,R35,4.7K,R0402,Yageo,RC0402FR-074K7L,"thick film +-1%, 1/16W, 0402",yes,
49,1,R104,56.2K,R0402,Yageo,RC0402FR-0756K2L,"thick film +-1%, 1/16W, 0402 -- TMR: 10 x 56.2k x 48 s/k = 7.5 h fast-charge and 45 min precharge safety timers",yes,
50,1,R78,680,R0402,Yageo,RC0402FR-07680RL,"thick film +-1%, 1/16W, 0402",yes,
51,1,U4,W25Q128JVSIQ,SOIC-8_208MIL,Winbond,W25Q128JVSIQ,,yes,"128Mbit quad SPI, SOIC-8 208mil. The XC7A35T bitstream is 17,536,096 bits, so the previous W25Q80BV (8Mbit) could not boot the part at all. 128Mbit leaves ~14MB for user data above the bitstream."
52,1,U10,93LC46BT-I/SN,SOIC8,Microchip,93LC46BT-I/SN,,yes,
53,1,Q2,2N7002,SOT23-3,onsemi,2N7002LT1G,"N-ch MOSFET, logic level: Vgs(th) 1.0 to 2.5V, Vds 20V min, Id 100mA min, SOT-23 G/S/D on pins 1/2/3",yes,"Switches the PGOOD indicator LD5. SELECTED FROM THE CIRCUIT, not recovered -- the part carried no value and no number. What it has to do: its gate is on PGOOD, the LTC3569's open-drain output pulled to 3V3 through R77's 100k, so Vgs is a static 3.3 V and the weak pull-up costs nothing because a gate draws no DC. That needs a LOGIC-LEVEL threshold, comfortably under 3.3 V. The drain carries the LED at 1.9 mA against the 2N7002's 115 mA, and sees 3.3 V against 60. The SOT23-3 footprint here names its pads G, S and D at pins 1, 2 and 3, which is the 2N7002 pinout exactly, so nothing in the layout moves."
54,1,U7,SC189ASKTRT,SOT23-5,Semtech,SC189ASKTRT,,yes,
55,1,U6,SC189LSKTRT,SOT23-5,Semtech,SC189LSKTRT,,yes,
56,1,U5,SC189ZSKTRT,SOT23-5,Semtech,SC189ZSKTRT,,yes,
57,1,U3,AS4C32M16SB-7TCN,TSOPII-54,Alliance Memory,AS4C32M16SB-7TCN,,yes,"512Mbit (32M x 16) = 64MB. Pin-for-pin and dimensionally identical to the 256Mb AS4C16M16SA-6TIN it replaces: all 54 pins and every TSOP-II dimension were checked against both datasheets, and pin 40 is NC on both. ONE DIFFERENCE, AND IT IS NOT A PIN -- the column address is A0-A9 (1024 columns) instead of A0-A8 (512). The memory controller must be set to 10 column bits or it reaches only half the array. Row A0-A12, banks BA0/BA1 and refresh (8192 cycles/64ms) are unchanged. IDD1 rises 60mA to 120mA on the 600mA VCC3V3 buck (LTC3569 SW3). 2026-09-08: AS4C32M16SB-6TIN replaced by AS4C32M16SB-7TCN (same B die, 54-TSOP II 400 mil and pinout, datasheet Rev 1.4 Table 2): -7 speed bin, 143 MHz max at CL3 (tCK 7 ns, tAC 5.4 ns), tRCD/tRP 21 ns, tRC/tRFC 63 ns, tRRD/tMRD/tWR 14 ns, tCH/tCL 2.5 ns; 100 MHz at CL2 for every grade. Commercial TA 0..70 C, matching the -1C FPGA. IDD1 max 110 mA (was 120). AS4C32M16SB-7TIN (industrial) is the timing-identical alternate; the -6TIN only if the controller is clocked above 143 MHz."
58,1,U8,BQ24232 LiPo charger + power path,VQFN16-3X3-RGT,Texas Instruments,BQ24232RGTR,"single-cell Li-ion/LiPo linear charger with power path, 16-pin VQFN 3 x 3 mm (RGT), IN 4.35-10.2 V with 10.5 V OVP, OUT 4.4 V regulated or VBAT - 60 mV on battery, input limit 495 mA (R103), charge 244 mA (R102), termination 36 mA (R105), 7.5 h timer (R104), TS disabled with 10k (R106), CE and EN1 to GND, EN2 to VU; thetaJA 44.5 C/W; added 2026-09-09 in place of D1",yes,"bq24232 (SLUS821J): USB5V0 into IN, OUT onto VU, battery on BAT/X4. With USB present OUT is 4.4 V (LDO) and the input is capped at 495 mA: DPPM trims the charge current first, then the battery supplements the load; the board therefore never draws more than the limit from the port. On battery alone VU = VBAT - 60 mV, and the 3.3 V buck holds regulation down to about 3.45 V. The +5V-INPUT path with D2 and D3 was removed on 2026-09-09, so the charger is the only input. Dissipation about 0.6 W worst case (0.3 W power path at 500 mA plus 0.3 W charging), a 27 C rise at 44.5 C/W. Battery-only start-up into the 40 uF on VU relies on the part's inrush sequence and the 250 mV / 250 us short-circuit detector: scope it on the first board. Footprint VQFN16-3X3-RGT to draw from the datasheet package drawing (3 x 3 mm, 0.5 mm pitch, 1.68 mm pad). Digi-Key 541 in stock at $1.93 on 2026-09-09."
59,1,U1,XC7A35T-1CPG236C,XC7A35T-CPG236,AMD/Xilinx,XC7A35T-1CPG236C,,yes,
60,1,X2,ZULU-CONN,ZULU-DIP37,Sullins,2x PRPC009SAAN-RC + 2x PRPC011SAAN-RC,"four 0.1 in male breakaway header strips, 0.64 mm square gold-flash pins, 2.54 mm pitch, through-hole, mounted from the underside, two part numbers and two of each per board: PRPC009SAAN-RC 1x9 twice (pins 1-9 and 21-29) and PRPC011SAAN-RC 1x11 twice (pins 10-20 and 30-40); the two rows are cut identically since the LiPo landing was moved opposite the micro-USB on 2026-09-09",yes,"Pin field ZULU-DIP37: 40 pins of 1.016 mm on 2.54 mm pitch, two rows 22.86 mm (0.900 in) apart, numbered 1-40 straight through and skipping both landings. The rows are mirror images: top row pins 1-9 (x 59.69..39.37) = GND, CHAN-CLK, CHAN0..CHAN6, FOUR positions for the micro-USB X1 (36.83..29.21), pins 10-20 (26.67..1.27) = CHAN7..CHAN13, +3.3V, +1.8V, +1.0V, GND, in channel order since 2026-09-09; bottom row pins 21-29 (59.69..39.37), FOUR positions for the LiPo header X4 at the SAME four x values (36.83..29.21), pins 30-40 (26.67..1.27), so X4 sits on the top side directly opposite the edge-mounted USB receptacle. Each landing is 12.70 mm between the neighbouring pin centres, 11.176 mm clear: the JST B2B-PH-SM4-TB body is 7.95 mm, so 1.61 mm each side. Reworked 2026-09-09 from the old 44-position pattern: +5V-INPUT with D2/D3, GND5, GND3 and +3.3V2 removed, CHAN12/CHAN13 moved to pins 2/3, the bottom row closed up, the field renumbered and the landing moved. Three grounds (1, 20, 21); 3.3 V for the header is pin 17 alone; pin 22 VU sources the 4.4 V rail. THE PCB FOOTPRINT MUST BE REDRAWN with 40 pads named 1-40 in these positions -- the imported ZULU-DIP37 still names 44. Sullins PRPC strips fit the holes (0.64 mm square pins, Sullins recommends 1.02 mm). Digi-Key 2026-09-08: PRPC009SAAN-RC 1,201 at $0.18, PRPC011SAAN-RC 428 at $0.22, two of each per board (the 1x11 stock covers about 200 boards). Alternate: any 2.54 mm 1x40 breakaway strip (LCSC Boomele C2337, 81,690) cut to 9 + 11 twice."
61,1,JP3,JTAG TCK/TMS/GND,1X03-NOSILK,,,"DNS - do not stuff: three bare plated holes, 1x3 on 2.54 mm, for flying leads or pogo pins; no part to order (flagged 2026-09-08)",DNP,"Bare plated holes -- NO HEADER FITTED, nothing to order. Three of the six JTAG holes; JP4 carries the other three, 17.96 mm away on the far side of the Pmod. Each row has 3.05 mm of board to the Pmod but only 0.09 mm to a 1x3 strip's body, so these are for flying leads or a pogo jig. The FT2232 does JTAG over USB on channel B; this is the fallback."
62,1,JP4,JTAG TDI/TDO/3V3,1X03-NOSILK,,,"DNS - do not stuff: three bare plated holes, 1x3 on 2.54 mm, for flying leads or pogo pins; no part to order (flagged 2026-09-08)",DNP,"Bare plated holes -- NO HEADER FITTED, nothing to order. Three of the six JTAG holes; JP3 carries the other three, 17.96 mm away on the far side of the Pmod. Each row has 3.05 mm of board to the Pmod but only 0.09 mm to a 1x3 strip's body, so these are for flying leads or a pogo jig. The FT2232 does JTAG over USB on channel B; this is the fallback."
