Designator,Mid X,Mid Y,Layer,Rotation
BTN,19.8000mm,12.9200mm,Top,90
C3,26.3003mm,3.0500mm,Bottom,0
C4,28.6002mm,3.0500mm,Bottom,0
C5,30.9002mm,3.0500mm,Bottom,0
C6,33.2002mm,3.0500mm,Bottom,0
C7,35.5002mm,3.0500mm,Bottom,0
C8,37.8002mm,3.0500mm,Bottom,0
C9,18.4000mm,4.2499mm,Bottom,0
C11,5.2999mm,21.3900mm,Bottom,0
C12,7.5998mm,21.3900mm,Bottom,0
C13,2.5999mm,21.4400mm,Bottom,0
C36,41.0000mm,3.0500mm,Bottom,0
C37,43.3000mm,3.0500mm,Bottom,0
C38,33.2493mm,3.9499mm,Bottom,0
C40,34.4492mm,3.9499mm,Bottom,0
C41,35.6491mm,3.9499mm,Bottom,0
C78,10.6499mm,8.6515mm,Bottom,0
C80,3.9065mm,15.8019mm,Bottom,90
C82,4.3041mm,7.0585mm,Bottom,180
C84,12.9999mm,15.5415mm,Bottom,0
C85,54.8002mm,13.2994mm,Top,90
C86,56.6003mm,13.2994mm,Top,90
C87,44.2998mm,22.4000mm,Bottom,0
C88,47.3996mm,22.4000mm,Bottom,0
C89,46.8900mm,11.0500mm,Bottom,0
C90,44.6700mm,11.0500mm,Bottom,0
C91,49.1100mm,11.0500mm,Bottom,0
C92,45.9000mm,14.4500mm,Bottom,180
C93,53.0001mm,16.5991mm,Top,90
C94,50.4995mm,22.4000mm,Bottom,0
C95,49.1100mm,14.4500mm,Bottom,0
C96,44.6700mm,14.4500mm,Bottom,0
C97,54.8002mm,16.5991mm,Top,90
C98,56.6003mm,16.5991mm,Top,90
C99,53.5993mm,22.4000mm,Bottom,0
C100,41.1999mm,21.1000mm,Bottom,0
C101,44.2998mm,21.1000mm,Bottom,0
C102,47.3996mm,21.1000mm,Bottom,0
C103,50.4995mm,21.1000mm,Bottom,0
C104,53.5993mm,21.1000mm,Bottom,0
C105,56.6991mm,21.1000mm,Bottom,0
C106,41.1999mm,22.4000mm,Bottom,0
C107,46.8900mm,7.6500mm,Bottom,0
C108,42.4500mm,11.0500mm,Bottom,0
C109,44.6700mm,7.6500mm,Bottom,0
C110,49.1100mm,7.6500mm,Bottom,0
C111,51.3300mm,11.0500mm,Bottom,0
C112,42.4500mm,14.4500mm,Bottom,0
C113,42.4500mm,7.6500mm,Bottom,0
C114,51.3300mm,14.4500mm,Bottom,0
C115,51.3300mm,7.6500mm,Bottom,0
C116,46.8900mm,17.8500mm,Bottom,0
C117,44.6700mm,17.8500mm,Bottom,0
C118,49.1100mm,17.8500mm,Bottom,0
C119,53.5501mm,11.0500mm,Bottom,0
C120,42.4500mm,17.8500mm,Bottom,0
C121,53.5501mm,14.4500mm,Bottom,0
C122,53.5501mm,7.6500mm,Bottom,0
C123,47.1500mm,14.4500mm,Bottom,180
C124,48.6000mm,4.2499mm,Bottom,0
C133,22.4500mm,3.9499mm,Bottom,0
C134,23.6499mm,3.9499mm,Bottom,0
C135,24.8498mm,3.9499mm,Bottom,0
C136,26.0497mm,3.9499mm,Bottom,0
C137,27.2497mm,3.9499mm,Bottom,0
C138,28.4496mm,3.9499mm,Bottom,0
C139,24.0003mm,3.0500mm,Bottom,0
C140,53.0001mm,6.6999mm,Top,90
C141,54.8002mm,6.6999mm,Top,90
C142,56.6003mm,6.6999mm,Top,90
C143,53.0001mm,9.9996mm,Top,90
C144,54.8002mm,9.9996mm,Top,90
C145,56.6003mm,9.9996mm,Top,90
C146,53.0001mm,13.2994mm,Top,90
C147,7.1979mm,12.6505mm,Bottom,0
C148,7.5555mm,10.0999mm,Bottom,90
C149,9.7485mm,12.5001mm,Bottom,270
C150,14.0015mm,7.8501mm,Bottom,270
C151,10.6499mm,3.3985mm,Bottom,0
C152,29.6495mm,3.9499mm,Bottom,0
C153,30.8494mm,3.9499mm,Bottom,0
C154,32.0494mm,3.9499mm,Bottom,0
C155,25.9999mm,20.2500mm,Top,180
C156,29.5499mm,20.0000mm,Bottom,180
C157,39.0499mm,18.0000mm,Top,180
C158,18.1000mm,16.6499mm,Top,270
C159,23.2999mm,7.5000mm,Top,180
L1,6.4080mm,18.7535mm,Bottom,180
L2,1.4525mm,9.3100mm,Bottom,270
L3,15.8515mm,13.2900mm,Bottom,90
L4,18.6501mm,3.0500mm,Bottom,0
L5,21.4502mm,3.0500mm,Bottom,0
L6,48.8501mm,3.0500mm,Bottom,0
L7,51.6502mm,3.0500mm,Bottom,0
LD0,23.3500mm,10.8850mm,Top,0
LD1,23.3500mm,12.5850mm,Top,0
LD2,23.3500mm,13.7850mm,Top,0
LD3,23.3500mm,16.1850mm,Top,0
LD4,23.3500mm,17.3850mm,Top,0
LD5,23.3500mm,14.9850mm,Top,0
Q1,41.3000mm,19.7500mm,Top,0
R1,58.2001mm,3.7000mm,Bottom,0
R2,55.7492mm,22.0500mm,Bottom,0
R4,59.3000mm,18.1780mm,Top,90
R5,61.1000mm,14.1700mm,Bottom,0
R6,56.9491mm,22.0500mm,Bottom,0
R7,58.1490mm,22.0500mm,Bottom,0
R10,45.0500mm,2.7500mm,Bottom,0
R11,46.2499mm,2.7500mm,Bottom,0
R12,40.4500mm,3.9499mm,Bottom,0
R13,41.6499mm,3.9499mm,Bottom,0
R14,42.8498mm,3.9499mm,Bottom,0
R15,44.0498mm,3.9499mm,Bottom,0
R16,45.2497mm,3.9499mm,Bottom,0
R17,46.4496mm,3.9499mm,Bottom,0
R18,20.7000mm,4.2499mm,Bottom,0
R19,19.0499mm,18.7500mm,Bottom,0
R20,52.6500mm,3.9499mm,Bottom,0
R21,50.9000mm,4.2499mm,Bottom,0
R22,53.8499mm,3.9499mm,Bottom,0
R23,55.0498mm,3.9499mm,Bottom,0
R24,59.0500mm,5.6500mm,Bottom,0
R25,61.1000mm,5.6500mm,Bottom,0
R26,63.1501mm,5.6500mm,Bottom,0
R27,59.0500mm,8.4900mm,Bottom,0
R28,61.1000mm,8.4900mm,Bottom,0
R29,63.1501mm,8.4900mm,Bottom,0
R30,59.0500mm,11.3300mm,Bottom,0
R31,61.1000mm,11.3300mm,Bottom,0
R32,63.1501mm,11.3300mm,Bottom,0
R33,59.0500mm,14.1700mm,Bottom,0
R34,11.8200mm,19.2900mm,Bottom,0
R35,9.8998mm,21.3900mm,Bottom,0
R78,6.8500mm,3.9000mm,Bottom,0
R80,29.5500mm,19.0500mm,Bottom,0
R81,31.8500mm,19.0500mm,Bottom,0
R82,34.1500mm,19.0500mm,Bottom,0
R83,36.4500mm,19.0500mm,Bottom,0
R84,32.5500mm,20.2499mm,Bottom,0
R85,37.5500mm,20.2499mm,Bottom,0
R86,32.5500mm,21.4498mm,Bottom,0
R90,63.1501mm,14.1700mm,Bottom,0
R91,59.0500mm,17.0100mm,Bottom,0
R92,61.1000mm,17.0100mm,Bottom,0
R93,63.1501mm,17.0100mm,Bottom,0
R94,59.0500mm,19.8500mm,Bottom,0
R96,20.2498mm,18.7500mm,Bottom,0
R97,17.8500mm,19.3500mm,Bottom,0
R98,19.0499mm,19.3500mm,Bottom,0
R99,61.1000mm,19.8500mm,Bottom,0
R101,17.8500mm,18.7500mm,Bottom,0
R102,14.5015mm,4.3485mm,Bottom,180
R103,13.4500mm,10.1000mm,Bottom,180
R104,15.8030mm,6.7515mm,Bottom,180
R105,14.5015mm,5.5500mm,Bottom,180
R106,13.3515mm,3.1470mm,Bottom,180
R107,7.8500mm,5.8000mm,Bottom,90
R108,6.5000mm,5.8000mm,Bottom,90
U1,46.4000mm,11.9000mm,Top,0
U2,31.4750mm,13.6000mm,Top,0
U3,28.3500mm,11.8500mm,Bottom,90
U4,47.5000mm,19.4000mm,Top,0
U5,6.4080mm,15.5019mm,Bottom,180
U6,4.7041mm,9.3100mm,Bottom,270
U7,12.5999mm,13.2900mm,Bottom,90
U8,11.5000mm,5.9000mm,Bottom,90
U10,24.7500mm,20.6000mm,Bottom,0
X1,33.0200mm,22.7210mm,Top,0
X3,8.8000mm,12.5000mm,Top,90
X4,32.4000mm,3.5500mm,Top,0
